{
    "ResPathList": [
        "Assets/AssetBundleRes/scene/scene_1001/prefabs/TreeLittle.prefab",
        "Assets/AssetBundleRes/scene/scene_1001/prefabs/TreeBig1.prefab",
        "Assets/AssetBundleRes/scene/scene_1001/prefabs/GrassSmall.prefab"
    ],
    "LightmapMode": 1,
    "LightColorResPath": [],
    "LightDirResPath": [],
    "Bounds": {
        "m_Center": {
            "x": 1.0280441045761109,
            "y": -0.5784367918968201,
            "z": 0.9987931251525879
        },
        "m_Extent": {
            "x": 1.3487540483474732,
            "y": 0.32854026556015017,
            "z": 0.10000002384185791
        }
    },
    "ObjectInfoList": [
        {
            "m_Bounds": {
                "m_Center": {
                    "x": 2.032033681869507,
                    "y": -0.5784367918968201,
                    "z": 0.9987931251525879
                },
                "m_Extent": {
                    "x": 0.34476447105407717,
                    "y": 0.32854026556015017,
                    "z": 0.040560513734817508
                }
            },
            "m_ResID": 0,
            "m_Position": {
                "x": 2.032033681869507,
                "y": -0.5784367918968201,
                "z": 0.9987931251525879
            },
            "m_Rotation": {
                "x": 0.0,
                "y": 0.0,
                "z": 0.0
            },
            "m_Size": {
                "x": 0.4056053161621094,
                "y": 0.4056053161621094,
                "z": 0.4056053161621094
            },
            "m_LightmapIndex": -1,
            "m_LightmapScaleOffset": {
                "x": 1.0,
                "y": 1.0,
                "z": 0.0,
                "w": 0.0
            }
        },
        {
            "m_Bounds": {
                "m_Center": {
                    "x": 0.2792614698410034,
                    "y": -0.5659999847412109,
                    "z": 0.9987931251525879
                },
                "m_Extent": {
                    "x": 0.27707934379577639,
                    "y": 0.2982456088066101,
                    "z": 0.0216120183467865
                }
            },
            "m_ResID": 1,
            "m_Position": {
                "x": 0.2792614698410034,
                "y": -0.5659999847412109,
                "z": 0.9987931251525879
            },
            "m_Rotation": {
                "x": 0.0,
                "y": 0.0,
                "z": 0.0
            },
            "m_Size": {
                "x": 0.19720950722694398,
                "y": 0.21612000465393067,
                "z": 0.21612000465393067
            },
            "m_LightmapIndex": -1,
            "m_LightmapScaleOffset": {
                "x": 1.0,
                "y": 1.0,
                "z": 0.0,
                "w": 0.0
            }
        },
        {
            "m_Bounds": {
                "m_Center": {
                    "x": -0.14426708221435548,
                    "y": -0.6990000009536743,
                    "z": 0.9987931251525879
                },
                "m_Extent": {
                    "x": 0.17644286155700684,
                    "y": 0.17008095979690553,
                    "z": 0.10000002384185791
                }
            },
            "m_ResID": 2,
            "m_Position": {
                "x": -0.14426709711551667,
                "y": -0.6990000009536743,
                "z": 0.9987931251525879
            },
            "m_Rotation": {
                "x": 0.0,
                "y": 0.0,
                "z": 0.0
            },
            "m_Size": {
                "x": 0.2756919860839844,
                "y": 0.34016191959381106,
                "z": 1.0
            },
            "m_LightmapIndex": -1,
            "m_LightmapScaleOffset": {
                "x": 1.0,
                "y": 1.0,
                "z": 0.0,
                "w": 0.0
            }
        }
    ],
    "BornList": [],
    "MonsterList": []
}